taxa_va_agroupecuaria,taxa_va_servicos,taxa_va_industria,taxa_va_addess,participacao_impostos,cluster_hierarquico
0.0670458246686543,0.2232856462806604,0.0157091674391802,0.6656477839300479,0.0283115776814571,0.0
0.1238480346059808,0.2915177731803648,0.0474578396338787,0.4743981568553695,0.0627781957244059,0.0
0.1162413918086263,0.2494925697716564,0.0268611815875317,0.5674411018484958,0.0399637549836897,0.0
0.1190076308006864,0.2759593267370112,0.0577056482529482,0.4891379750994925,0.0581894191098616,0.0
0.0489150895423588,0.3041817361065266,0.3553146427672933,0.1962491591743225,0.0953393724094986,3.0
0.1486512122016921,0.199871002010851,0.0400652578062753,0.587092612968092,0.0243199150130895,0.0
0.3694012462747223,0.3416743429964779,0.0539040910322405,0.1558439447304253,0.0791763749661338,2.0
0.1130196954249,0.2826722338204593,0.0290495379586023,0.5293618811801072,0.0458966516159311,0.0
0.213498842114668,0.3504263287911387,0.1434823974867006,0.1717702968001796,0.1208221348073129,1.0
0.1437235923736703,0.3225655404921527,0.0362641781753879,0.4436591398619504,0.0537875490968385,0.0
0.0012956398513699,0.3668590502144391,0.2330309228806465,0.0732381031501143,0.3255762839034301,4.0
0.2882148427956625,0.2594501136982954,0.0455883182048824,0.3436281971772754,0.0631185281238841,2.0
0.2714399587377503,0.3199113799409199,0.0572982604210625,0.3067004266891733,0.0446616964411309,2.0
0.1420942641908412,0.316493755369061,0.050555904315073,0.4460409370250446,0.0448151390999801,0.0
0.0845627273772958,0.4511583824568108,0.0699735061186891,0.3241588644230047,0.0701455690005428,1.0
0.1235065728768469,0.3252345744107179,0.0465733561816199,0.4634926721710266,0.0411928243597886,0.0
0.2005542973686515,0.1502170893757585,0.4494000325321254,0.1124047496903191,0.0874175748551694,3.0
0.7131086617599072,0.0974765236938472,0.0211286755375077,0.1544904100648997,0.0137957289438381,2.0
0.1009851750746651,0.3772578618052083,0.2481276267956809,0.1912442396313364,0.0823857723961782,1.0
0.3358439128894028,0.3584343976052108,0.0813554574706813,0.1042572609906656,0.120109444172921,2.0
0.2218256677632259,0.3508782819191856,0.056348664473548,0.3201332422982227,0.0508037986468872,0.0
0.3490585078596191,0.2462957686280097,0.024457425084295,0.3419112409175096,0.0382711212423422,2.0
0.3893988966005212,0.2364787600475233,0.0482977535054034,0.2699679509946891,0.0558594245107338,2.0
0.0750693443159646,0.4955795122173512,0.1655033663822274,0.1552025525583745,0.1086452245260822,1.0
0.1083724826702585,0.2891685009362988,0.0733598344229442,0.4709747363579618,0.0581162324649298,0.0
0.2859769826248419,0.3550829289295933,0.1422843354472959,0.154124918147487,0.0625308348507817,2.0
0.1556628626681257,0.1359828154221164,0.0297024543607024,0.6562215930474254,0.0224302745016298,0.0
0.0550685727452139,0.2744612857014055,0.2357119243445768,0.4052554071788501,0.0295028100299536,0.0
0.3021765223653677,0.1798831719612707,0.0237977114507481,0.4702088501240297,0.0239417460190445,0.0
0.0445970314884172,0.31578582327646,0.0833617069572125,0.4979003518329361,0.0583487811952231,0.0
0.0176077615413996,0.5041570777298409,0.2638323230089366,0.0888713532917149,0.1255315681346818,3.0
0.1852022058823529,0.2137891214177978,0.0375188536953242,0.5418905542986425,0.0215992647058823,0.0
0.2594832624599448,0.3134807231100989,0.2181543360406296,0.1023841673552469,0.1064975110340796,3.0
0.3246233708714087,0.3013052568503188,0.1518813544970788,0.1079194700813505,0.114270547699843,2.0
0.0608060515113465,0.1117355220041037,0.2076685143784644,0.4809052766973938,0.1388999479374023,0.0
0.2884058971574897,0.4216944599607107,0.061645254219204,0.1345155682196182,0.0937356823217076,1.0
0.0909724785693777,0.1942496206062097,0.0359296173249661,0.6342643862023707,0.044542881752184,0.0
0.0969843903699214,0.424438858142146,0.0588476098685452,0.3319376409685721,0.0877915006508152,1.0
0.0278561672660988,0.3669467172375688,0.3172179463015509,0.0972797054563387,0.1907007546906749,3.0
0.0459189830644836,0.364931547259879,0.0586239725384501,0.459028923126433,0.0714898695308205,0.0
0.1450329682306141,0.3210179281783009,0.0293989428369026,0.4700288812598768,0.0345212794943054,0.0
0.3889274423625569,0.3346093289456993,0.0587007728105979,0.164914349105435,0.0528481067757108,2.0
0.6758548531286437,0.1438920410757449,0.0300180064518585,0.0924095461394928,0.0578255532042598,2.0
0.0093537836837344,0.4185274373838409,0.1434933767884197,0.3629237538783283,0.065697831952464,1.0
0.4167498832752063,0.1835661459882394,0.0353846435033721,0.3248588086926324,0.0394405185405496,2.0
0.5720177899165867,0.2360531852070569,0.026717169853104,0.105890603085554,0.0593212519376983,2.0
0.1349614022024304,0.2981425355291708,0.0311981896556739,0.4868150854270772,0.0488827871856475,0.0
0.0558198529298029,0.4774683137043808,0.2156338651248116,0.1608361407839825,0.0902424461789281,1.0
0.3986030930902846,0.2148116343725822,0.0986847139444127,0.2321858234778986,0.0557104840286693,2.0
0.1836863695611423,0.2130597974637191,0.4212545391929064,0.1386192134826562,0.0433800802995758,3.0
0.3631274971320068,0.211598560069623,0.1091815340796708,0.269156216622493,0.0469361920962063,2.0
0.1221271540420476,0.3703277745830937,0.1234036234036234,0.3164001036341461,0.067741344337089,1.0
0.0398770754527704,0.2942506349307326,0.1226162571628505,0.4454057439822268,0.0978502884714195,0.0
0.1031609512837912,0.2118137200751179,0.0619249767228999,0.581012198778544,0.042072372054855,0.0
0.0229138165170091,0.4980194979231832,0.2057579032244237,0.1436939351504702,0.1296148471849136,1.0
0.0494657528415137,0.2019071133625644,0.0592567366225362,0.6572304286748116,0.0320973990038738,0.0
0.0160616189184122,0.5996859322427012,0.1610215489349444,0.1220818598996211,0.1011495695402463,1.0
0.2107076957421056,0.4726273234946336,0.052349044790384,0.1769291676404212,0.0873902564084676,1.0
0.2246039593189526,0.1811621705906101,0.2484739772323446,0.2353012278288533,0.1104610824910493,3.0
0.1990107374921274,0.4113795910843484,0.1012980230111061,0.2158312723697752,0.0724803760426427,1.0
0.2873273916535975,0.2746280074972267,0.0455188769460276,0.3201774853689324,0.0723482385342156,2.0
0.0841102899294332,0.502281213693837,0.1825635626262945,0.1096558430036752,0.1213891613813181,1.0
0.0396043502695292,0.5114842881732244,0.1538187715314652,0.1776501815762481,0.1174424084495329,1.0
0.244185379299593,0.3266970745823964,0.2164826349003911,0.1245107793643352,0.0881246731762558,3.0
0.1791435278544762,0.2766833162700752,0.0285111531660099,0.4772748425526634,0.0383768187881984,0.0
0.3170098752700524,0.1598240335223972,0.2297341574691112,0.1925775564417698,0.100855682685969,2.0
0.0156155911616654,0.1245968597382615,0.361985132294294,0.3990708219668316,0.0987315948389474,3.0
0.1360232797473295,0.1948259342063238,0.0374747152134568,0.5882039816884914,0.0434720891443983,0.0
0.0653588789776,0.2675186666594889,0.0466895278290688,0.5693075436452608,0.0511253828885814,0.0
0.3181777162796294,0.2048489953074239,0.0466099145710504,0.4033810612441342,0.0269973529057875,2.0
0.1058155755447592,0.3064216653037664,0.0765885804993025,0.458983116070999,0.0522006830535379,0.0
0.0413863141972638,0.511284666292352,0.0643192228982385,0.263127859134965,0.1198804034007406,1.0
0.0317334787651415,0.4216426815838947,0.1130060629153076,0.3230140602690628,0.1106037164665932,1.0
0.0434307345809887,0.320294331262059,0.0426017357621286,0.522437990154722,0.0712352082401015,0.0
0.0980214611995567,0.1616617563586236,0.2701840689785658,0.4384139254534151,0.0317187880098386,0.0
0.2068102311048278,0.3205136863463706,0.0818209241491713,0.3033838045026346,0.0874713538969955,1.0
0.376011449205563,0.1361875697600368,0.1575612461738973,0.2596659735362661,0.0705760438612308,2.0
0.3165544675642595,0.1372016523867809,0.0389891880864953,0.474500203998368,0.0327417380660954,0.0
0.5002260255551931,0.212361022894386,0.097231043894735,0.1408053376364021,0.0493765700192837,2.0
0.2202560447895178,0.2522561473833087,0.0601914107012652,0.3965323298683502,0.0707622352255781,0.0
0.3565346290043646,0.2259573416783332,0.0710038705426995,0.3157374619122128,0.0307831672568558,2.0
0.0447373798310824,0.4545364982680107,0.0702890865216206,0.3621913069707702,0.0682457284085159,1.0
0.1186194401023163,0.2792027852778173,0.0476126190137842,0.5017940883899389,0.0527746198664203,0.0
0.0450744036685352,0.3927208446966586,0.1135568973043527,0.388282124534842,0.0603657297956114,1.0
0.0068372498762222,0.5491557848859728,0.0923954961721505,0.2793639673563419,0.0722475017093124,1.0
0.562144195467275,0.2421288546739482,0.0345167849851985,0.1229221015288858,0.0382880633446924,2.0
0.0419331816161915,0.3322605405259827,0.2985146981591953,0.158058738772707,0.1692301477222229,3.0
0.1773537022739,0.2051657313189747,0.5092952177548327,0.0637489708614545,0.044436377790838,3.0
0.3557356407193362,0.1175669131178768,0.3855035030510444,0.1070674458399251,0.0341264972718173,3.0
0.0623410762231761,0.4640944591086345,0.2184816194005753,0.1718899820376015,0.0831928632300125,1.0
0.3765176784523015,0.1602134756504336,0.1690326884589726,0.2412568378919279,0.0529793195463642,2.0
0.1231158226715272,0.308737734297295,0.3523584360620155,0.1029220183382309,0.1128671214596271,3.0
0.1149441211785351,0.2146177765462886,0.0336504417967427,0.6081555370832179,0.028616729780487,0.0
0.3516606803472902,0.1582816333023551,0.0393171409673557,0.4300186706184747,0.0207218747645241,2.0
0.0777841611392559,0.3615797078741665,0.1605995717344753,0.3482529900245469,0.0518009783952229,1.0
0.3264179985605033,0.2099697274391246,0.0993387480692144,0.3014316791701598,0.0628418467609977,2.0
1.5138019719480272e-05,0.6492567843480022,0.1268636101093012,0.0219716603107355,0.2018927601997579,4.0
0.3707510423994921,0.3574829698519192,0.0320655810840954,0.1370004632886631,0.10269994337583,2.0
0.2927240658926676,0.1750188362615158,0.0393463817254015,0.4458971197643755,0.0470135963560395,0.0
0.3786197998654246,0.2678482137896549,0.1251242352970226,0.1534344500620404,0.0749733009858572,2.0
0.0281745535812743,0.3028406125254545,0.0920846596631551,0.4778904188139119,0.0990097554162041,0.0
0.4571951811482282,0.2482091111013047,0.0632143329950134,0.1865319270994219,0.044856802435903,2.0
0.4238175650282862,0.1713309314666252,0.0396007355925578,0.3301648068067366,0.035085961105794,2.0
0.0458447464185879,0.4463491251061627,0.2448331767842378,0.106856709769226,0.1561169449865855,3.0
0.1946745900234272,0.1466011466011466,0.0178846923032969,0.6121364493457516,0.0286840751957031,0.0
0.403757526202334,0.1534230283208206,0.0356983572437374,0.3692856611908124,0.037854010257935,2.0
0.5924434183252161,0.1739375452906183,0.0749935118556092,0.097581691636192,0.0610431587994405,2.0
0.1434042817425495,0.398440126954967,0.15813954033304,0.2317631111230875,0.0682529398463559,1.0
0.4066715050597724,0.2541525737056157,0.0522272584112725,0.2592328864666493,0.0277157763566899,2.0
0.0220786534964378,0.5883550045415672,0.1721085197524988,0.0713274460463714,0.1461303761631247,1.0
0.2407079646017699,0.1895876482771606,0.0517416682357371,0.4697420448126529,0.0482206740726793,0.0
0.0806641322805059,0.2802129205522125,0.4810462973742207,0.1260823662121096,0.0319902692417314,3.0
0.0900541563849948,0.3725863200439956,0.2924669674673252,0.1328150075949781,0.1120765263043838,3.0
0.2014266348202182,0.2156477954941578,0.0254470337615389,0.5190885030017429,0.0383835775611645,0.0
0.3068063783401248,0.1343583421794564,0.0318802862719583,0.498932758049972,0.0280222351584882,0.0
0.165082639838661,0.437544912955794,0.0625362201256403,0.266661257794571,0.0681749692853334,1.0
0.1059560889731523,0.2305413549107898,0.0300132037783119,0.5948894606764398,0.0385998916613061,0.0
0.1520858147680901,0.1969666001818348,0.1843861664564054,0.3937288123647691,0.0728326062289004,0.0
0.0414142058379573,0.2106639454046814,0.2778663605246933,0.3826296319918362,0.0874258562408316,3.0
0.5543660269511463,0.1501407989659354,0.0803036725238477,0.1907689595984606,0.0244205419606098,2.0
0.0303871655999956,0.4943105292921291,0.0629257239579747,0.2918073014293881,0.1205700533245245,1.0
0.3240323315622055,0.279805751077645,0.2088751052574919,0.1187997622765997,0.0684870498260578,2.0
0.5108693055588734,0.2288048541601968,0.0332887413105277,0.1828790521010009,0.044169991161224,2.0
0.0903784063024667,0.265271858452796,0.033759524732016,0.5802402169701666,0.0303241637608162,0.0
0.0782917879094079,0.4038048061509007,0.2378130468585784,0.1470006508487625,0.1330897082323504,3.0
0.2088935904173386,0.4020456179137294,0.2016230844040133,0.1061166180405801,0.0813210892243384,1.0
0.5305983467969191,0.1724239150854781,0.0334163065940259,0.235381833552508,0.0281795979710689,2.0
0.0148192792441458,0.36374594508358,0.0313934731356247,0.5341499299806782,0.055873646145392,0.0
0.3266496827593739,0.2736250280906546,0.1546886715378137,0.1564927741385357,0.088543843473622,2.0
0.0792165444166912,0.2810189817380851,0.2111169496771593,0.3373379497995292,0.091309574368535,1.0
0.1389485033107194,0.3037877477953965,0.2214876369295239,0.2613383239927988,0.0744377879715613,1.0
0.2177309031486707,0.3156241684188433,0.2728348281492642,0.1161233982107184,0.0776867020725032,3.0
0.2167402210403229,0.3334610016741962,0.1845881100152911,0.1491108190214221,0.1160998482487675,1.0
0.2518692704793048,0.3089486157294288,0.0326272665478661,0.3631253100141458,0.0434111660206125,0.0
0.2264629684036217,0.1645255201517053,0.0315563152693571,0.5529900376592506,0.0244518041718971,0.0
0.3300662646751752,0.2348028039971874,0.0389278332942705,0.3513093132763727,0.044893784756994,2.0
0.220489640382975,0.2252568977750141,0.1886693930914627,0.3173096086544057,0.0482744600961423,0.0
0.2932672995200744,0.3548207502625143,0.1520107895163393,0.1207953656525507,0.0791057950485211,2.0
0.3738466680658225,0.2812536436350069,0.090066770826046,0.2074326267596328,0.0474002907134917,2.0
0.2058613260089278,0.3266624246697507,0.2599222191376298,0.1183394301802521,0.0892146000034394,3.0
0.1381651192971947,0.2744334631127084,0.0447239692522711,0.5064889687531197,0.036188479584706,0.0
0.3250247207085902,0.3013612168900296,0.0575992510151269,0.2529770044812859,0.0630430666301992,2.0
0.0237924483413727,0.3238210661692451,0.3875388323236642,0.2103548265863069,0.0544945505449455,3.0
0.3803987989837555,0.2095465393794749,0.1015782585264454,0.2558934483024097,0.0525983524520748,2.0
0.4338651013720335,0.2571662645395945,0.0605261262558968,0.1799038496164788,0.0685296553710972,2.0
0.1628500696271081,0.2917375831657125,0.0512146062200216,0.4610475011604518,0.0331889215534581,0.0
0.0330622253647101,0.1366793080387364,0.7535123913254568,0.0435799107490867,0.0331668483322551,4.0
0.2405681116462887,0.3749833271582067,0.0995084599234284,0.1503198715573669,0.1346202297147091,1.0
0.0791479716197543,0.1785875083448479,0.0349163962677182,0.6726646069770691,0.0346835167906103,0.0
0.1953974028366181,0.2379696997605452,0.0526570270768097,0.4569557008657211,0.0570086572112727,0.0
0.1988999083256938,0.3576464705392116,0.0937494791232602,0.2794316193016085,0.0702641886823902,1.0
0.3551323357909509,0.3117847047893894,0.0872289537664802,0.2028522859797197,0.0429918364926567,2.0
0.111888524783751,0.4301016542182072,0.0479142680010627,0.3468888692075301,0.0632066837894488,1.0
0.0383778036555111,0.2813022125462002,0.1071169392267058,0.4470828481258332,0.1261201964457496,0.0
0.1663491178338522,0.2333441764642099,0.0322660594513375,0.5401737998977648,0.0278513561658689,0.0
0.0437161051378469,0.2470002456491752,0.0373575707186183,0.6246858524971184,0.0472307779520417,0.0
0.0097731200588343,0.4943320463320463,0.2777106085677514,0.1239264570693142,0.0942570325427468,1.0
0.5843064818350546,0.1387480352020744,0.0435585709591766,0.1849973802694326,0.0483895317342616,2.0
0.4354701053644306,0.2839382606851532,0.0319920963745739,0.1893688996477507,0.0592280516632269,2.0
0.2889406450702237,0.2967746488813607,0.0279248123838426,0.3619639118262874,0.0243959818382854,2.0
0.0958598854561587,0.3537801484230056,0.0557392917641364,0.4390477534887472,0.0555678793256433,0.0
0.0970792106050244,0.3461561334128581,0.2773315679281617,0.1314984896690565,0.1479345983848991,3.0
0.1457246899098819,0.1976003052615215,0.4083249716172736,0.1223165957687361,0.1260381482685359,3.0
0.1165663686940489,0.2834223788904685,0.0349322582948695,0.5116494959134257,0.0534294982071872,0.0
0.0264643357544328,0.4337123347237209,0.2624329634580387,0.1418933427815266,0.1354956812093687,3.0
0.3174295277216318,0.3060463802134272,0.142916911173415,0.1790658755514985,0.0545467388233248,2.0
0.3051255308318531,0.22855047752619,0.2750429826965724,0.1461340490590082,0.0451469598863761,2.0
0.092001675041876,0.3783838784566105,0.1657725763319521,0.1928377266449205,0.1710041435246407,1.0
0.1079249797724545,0.3442804937438407,0.2892078854833328,0.1804833904050494,0.0781032505953225,3.0
0.032222664815662,0.3198790405275363,0.3334874741674423,0.1159309974916783,0.198479822997681,3.0
0.259776053470595,0.1953194022970844,0.0402277878077824,0.4555083931932547,0.0491683632312833,0.0
0.0419703621613173,0.4195757498259523,0.0348095420769219,0.4270136254493272,0.07663782447466,1.0
0.2080843498444367,0.214272309743691,0.1667786063509309,0.3562743839201936,0.0545903501407476,0.0
0.6401931539133444,0.1169883151770852,0.0100449923364701,0.2013695469453005,0.0314039916277996,2.0
0.150923488649415,0.2837014282338588,0.0413742698092574,0.4852478114885175,0.0387530018189511,0.0
0.3843697977241112,0.2878231587269009,0.0616253525195168,0.239546038478788,0.0266432540496986,2.0
0.1481074042476763,0.1884064478469758,0.0640294553455165,0.5467873018723901,0.0526469399667729,0.0
0.2575193183478824,0.3291023343065824,0.2078597566976734,0.1349197591432226,0.0705958491275055,2.0
0.3103946883068978,0.2056805606787163,0.0453854666174843,0.4136628550350424,0.024876429361859,0.0
0.1065790699330969,0.1973118250110957,0.0441581782217278,0.6127625299310149,0.0391829175410815,0.0
0.2324146246931656,0.3321734636751217,0.1414595983520663,0.2177784476694945,0.0761738656101517,1.0
0.5026956994190663,0.1889497220713002,0.0248359593764366,0.2537823379445814,0.0297362811886153,2.0
0.1441200584607707,0.2481255718342661,0.0360389263180408,0.5277866894806259,0.0439287539062964,0.0
0.5751917714472488,0.1426003288969694,0.0298867246151803,0.230227878614547,0.0221035106176521,2.0
0.1509222911536881,0.4432306848120921,0.2008620541082665,0.1136787294569993,0.0913062404689538,1.0
0.1088777881408179,0.322222924801214,0.0325013041622535,0.4715099827692502,0.0648880001264642,0.0
0.3049892282889386,0.387620379221298,0.0760718209185202,0.1626735244182562,0.0686443337946384,2.0
0.2748074675616553,0.1722873153336729,0.0274190165113421,0.4852536633604027,0.0402325372329267,0.0
0.0225563636681601,0.1714468474079674,0.4930875768213306,0.0876380295265646,0.2252710480524695,3.0
0.0272493409978721,0.455965954203322,0.0531330390319814,0.4115031600342999,0.0521485057325245,1.0
0.1579340410931256,0.310862632704961,0.0619928954910588,0.4014047551770072,0.0678056755338473,0.0
0.1317649117762874,0.3822627522798157,0.1463032295566625,0.2673925408304217,0.0722753154864961,1.0
0.327244586003556,0.1051332233265538,0.0199035521956585,0.5263952313340241,0.0213234071402074,0.0
0.1015394418095804,0.2423493769498494,0.0442176257371107,0.5793855457173943,0.0325140208825491,0.0
0.1171707913229453,0.3275791832162135,0.168423464711274,0.3219650677258376,0.0648742234443426,1.0
0.0405636115421573,0.3693235355398064,0.2669567029160149,0.264434693642733,0.0587183466067935,1.0
0.0577612128414267,0.2176848700912872,0.041916491114352,0.6469327859702191,0.0357226453483138,0.0
0.0061746446699258,0.3364467484898164,0.3200358407057862,0.1171577532603719,0.2201850128740996,3.0
0.0652598106525981,0.309929898099299,0.0423682879236828,0.5394052178940522,0.0430367854303678,0.0
0.3550386483834685,0.2472938154609487,0.1972702834214787,0.132819085148757,0.0675781675853468,2.0
